Wall A,,,,
X (mm),Y (mm),Z (mm),YY (µ?),ZZ (µ?)
0,14.9778,0,,
0,16.9334,0,,
0,18.889,0,,
0,20.8446,0,,
0,22.8002,0,,
0,24.7558,0,,
0,26.7114,0,,
0,28.667,0,,
0,30.6226,0,,
0,32.5782,0,,
0,34.5338,0,,
0,36.4894,0,,
0,38.445,0,,
0,40.4006,0,,
0,42.3562,0,,
0,44.3118,0,,
0,46.2674,0,,
0,48.223,0,,
0,50.1786,0,,
0,52.1342,0,,
0,54.0898,0,,
0,56.0454,0,,
0,58.001,0,,
0,59.9566,0,,
0,61.9122,0,,
0,63.8678,0,,
0,65.8234,0,,
0,67.779,0,,
0,69.7346,0,,
0,71.6902,0,,
0,73.6458,0,,
0,75.6014,0,,
0,77.557,0,,
0,79.5126,0,,
0,81.4682,0,,
0,83.4238,0,,
0,85.3794,0,,
0,87.335,0,,
0,89.2906,0,,
0,91.2462,0,,
0,93.2018,0,,
0,95.1574,0,,
0,97.113,0,,
0,99.0686,0,,
0,101.0242,0,,
0,102.9798,0,,
0,14.9778,-1.5,,
0,16.9334,-1.5,,
0,18.889,-1.5,,
0,20.8446,-1.5,,
0,22.8002,-1.5,,
0,24.7558,-1.5,,
0,26.7114,-1.5,,
0,28.667,-1.5,,
0,30.6226,-1.5,,
0,32.5782,-1.5,,
0,34.5338,-1.5,,
0,36.4894,-1.5,,
0,38.445,-1.5,,
0,40.4006,-1.5,,
0,42.3562,-1.5,,
0,44.3118,-1.5,,
0,46.2674,-1.5,,
0,48.223,-1.5,,
0,50.1786,-1.5,,
0,52.1342,-1.5,,
0,54.0898,-1.5,,
0,56.0454,-1.5,,
0,58.001,-1.5,,
0,59.9566,-1.5,,
0,61.9122,-1.5,,
0,63.8678,-1.5,,
0,65.8234,-1.5,,
0,67.779,-1.5,,
0,69.7346,-1.5,,
0,71.6902,-1.5,,
0,73.6458,-1.5,,
0,75.6014,-1.5,,
0,77.557,-1.5,,
0,79.5126,-1.5,,
0,81.4682,-1.5,,
0,83.4238,-1.5,,
0,85.3794,-1.5,,
0,87.335,-1.5,,
0,89.2906,-1.5,,
0,91.2462,-1.5,,
0,93.2018,-1.5,,
0,95.1574,-1.5,,
0,97.113,-1.5,,
0,99.0686,-1.5,,
0,101.0242,-1.5,,
0,102.9798,-1.5,,
0,14.9778,-3,,
0,16.9334,-3,,
0,18.889,-3,,
0,20.8446,-3,,
0,22.8002,-3,,
0,24.7558,-3,,
0,26.7114,-3,,
0,28.667,-3,,
0,30.6226,-3,,
0,32.5782,-3,,
0,34.5338,-3,,
0,36.4894,-3,,
0,38.445,-3,,
0,40.4006,-3,,
0,42.3562,-3,,
0,44.3118,-3,,
0,46.2674,-3,,
0,48.223,-3,,
0,50.1786,-3,,
0,52.1342,-3,,
0,54.0898,-3,,
0,56.0454,-3,,
0,58.001,-3,,
0,59.9566,-3,,
0,61.9122,-3,,
0,63.8678,-3,,
0,65.8234,-3,,
0,67.779,-3,,
0,69.7346,-3,,
0,71.6902,-3,,
0,73.6458,-3,,
0,75.6014,-3,,
0,77.557,-3,,
0,79.5126,-3,,
0,81.4682,-3,,
0,83.4238,-3,,
0,85.3794,-3,,
0,87.335,-3,,
0,89.2906,-3,,
0,91.2462,-3,,
0,93.2018,-3,,
0,95.1574,-3,,
0,97.113,-3,,
0,99.0686,-3,,
0,101.0242,-3,,
0,102.9798,-3,,
0,14.9778,-4.5,,
0,16.9334,-4.5,,
0,18.889,-4.5,,
0,20.8446,-4.5,,
0,22.8002,-4.5,,
0,24.7558,-4.5,,
0,26.7114,-4.5,,
0,28.667,-4.5,,
0,30.6226,-4.5,,
0,32.5782,-4.5,,
0,34.5338,-4.5,,
0,36.4894,-4.5,,
0,38.445,-4.5,,
0,40.4006,-4.5,,
0,42.3562,-4.5,,
0,44.3118,-4.5,,
0,46.2674,-4.5,,
0,48.223,-4.5,,
0,50.1786,-4.5,,
0,52.1342,-4.5,,
0,54.0898,-4.5,,
0,56.0454,-4.5,,
0,58.001,-4.5,,
0,59.9566,-4.5,,
0,61.9122,-4.5,,
0,63.8678,-4.5,,
0,65.8234,-4.5,,
0,67.779,-4.5,,
0,69.7346,-4.5,,
0,71.6902,-4.5,,
0,73.6458,-4.5,,
0,75.6014,-4.5,,
0,77.557,-4.5,,
0,79.5126,-4.5,,
0,81.4682,-4.5,,
0,83.4238,-4.5,,
0,85.3794,-4.5,,
0,87.335,-4.5,,
0,89.2906,-4.5,,
0,91.2462,-4.5,,
0,93.2018,-4.5,,
0,95.1574,-4.5,,
0,97.113,-4.5,,
0,99.0686,-4.5,,
0,101.0242,-4.5,,
0,102.9798,-4.5,,
0,14.9778,-6,,
0,16.9334,-6,,
0,18.889,-6,,
0,20.8446,-6,,
0,22.8002,-6,,
0,24.7558,-6,,
0,26.7114,-6,,
0,28.667,-6,,
0,30.6226,-6,,
0,32.5782,-6,,
0,34.5338,-6,,
0,36.4894,-6,,
0,38.445,-6,,
0,40.4006,-6,,
0,42.3562,-6,,
0,44.3118,-6,,
0,46.2674,-6,,
0,48.223,-6,,
0,50.1786,-6,,
0,52.1342,-6,,
0,54.0898,-6,,
0,56.0454,-6,,
0,58.001,-6,,
0,59.9566,-6,,
0,61.9122,-6,,
0,63.8678,-6,,
0,65.8234,-6,,
0,67.779,-6,,
0,69.7346,-6,,
0,71.6902,-6,,
0,73.6458,-6,,
0,75.6014,-6,,
0,77.557,-6,,
0,79.5126,-6,,
0,81.4682,-6,,
0,83.4238,-6,,
0,85.3794,-6,,
0,87.335,-6,,
0,89.2906,-6,,
0,91.2462,-6,,
0,93.2018,-6,,
0,95.1574,-6,,
0,97.113,-6,,
0,99.0686,-6,,
0,101.0242,-6,,
0,102.9798,-6,,
0,14.9778,-7.5,,
0,16.9334,-7.5,,
0,18.889,-7.5,,
0,20.8446,-7.5,,
0,22.8002,-7.5,,
0,24.7558,-7.5,,
0,26.7114,-7.5,,
0,28.667,-7.5,,
0,30.6226,-7.5,,
0,32.5782,-7.5,,
0,34.5338,-7.5,,
0,36.4894,-7.5,,
0,38.445,-7.5,,
0,40.4006,-7.5,,
0,42.3562,-7.5,,
0,44.3118,-7.5,,
0,46.2674,-7.5,,
0,48.223,-7.5,,
0,50.1786,-7.5,,
0,52.1342,-7.5,,
0,54.0898,-7.5,,
0,56.0454,-7.5,,
0,58.001,-7.5,,
0,59.9566,-7.5,,
0,61.9122,-7.5,,
0,63.8678,-7.5,,
0,65.8234,-7.5,,
0,67.779,-7.5,,
0,69.7346,-7.5,,
0,71.6902,-7.5,,
0,73.6458,-7.5,,
0,75.6014,-7.5,,
0,77.557,-7.5,,
0,79.5126,-7.5,,
0,81.4682,-7.5,,
0,83.4238,-7.5,,
0,85.3794,-7.5,,
0,87.335,-7.5,,
0,89.2906,-7.5,,
0,91.2462,-7.5,,
0,93.2018,-7.5,,
0,95.1574,-7.5,,
0,97.113,-7.5,,
0,99.0686,-7.5,,
0,101.0242,-7.5,,
0,102.9798,-7.5,,
0,14.9778,-9,,
0,16.9334,-9,,
0,18.889,-9,,
0,20.8446,-9,,
0,22.8002,-9,,
0,24.7558,-9,,
0,26.7114,-9,,
0,28.667,-9,,
0,30.6226,-9,,
0,32.5782,-9,,
0,34.5338,-9,,
0,36.4894,-9,,
0,38.445,-9,,
0,40.4006,-9,,
0,42.3562,-9,,
0,44.3118,-9,,
0,46.2674,-9,,
0,48.223,-9,,
0,50.1786,-9,,
0,52.1342,-9,,
0,54.0898,-9,,
0,56.0454,-9,,
0,58.001,-9,,
0,59.9566,-9,,
0,61.9122,-9,,
0,63.8678,-9,,
0,65.8234,-9,,
0,67.779,-9,,
0,69.7346,-9,,
0,71.6902,-9,,
0,73.6458,-9,,
0,75.6014,-9,,
0,77.557,-9,,
0,79.5126,-9,,
0,81.4682,-9,,
0,83.4238,-9,,
0,85.3794,-9,,
0,87.335,-9,,
0,89.2906,-9,,
0,91.2462,-9,,
0,93.2018,-9,,
0,95.1574,-9,,
0,97.113,-9,,
0,99.0686,-9,,
0,101.0242,-9,,
0,102.9798,-9,,
0,14.9778,-10.5,,
0,16.9334,-10.5,,
0,18.889,-10.5,,
0,20.8446,-10.5,,
0,22.8002,-10.5,,
0,24.7558,-10.5,,
0,26.7114,-10.5,,
0,28.667,-10.5,,
0,30.6226,-10.5,,
0,32.5782,-10.5,,
0,34.5338,-10.5,,
0,36.4894,-10.5,,
0,38.445,-10.5,,
0,40.4006,-10.5,,
0,42.3562,-10.5,,
0,44.3118,-10.5,,
0,46.2674,-10.5,,
0,48.223,-10.5,,
0,50.1786,-10.5,,
0,52.1342,-10.5,,
0,54.0898,-10.5,,
0,56.0454,-10.5,,
0,58.001,-10.5,,
0,59.9566,-10.5,,
0,61.9122,-10.5,,
0,63.8678,-10.5,,
0,65.8234,-10.5,,
0,67.779,-10.5,,
0,69.7346,-10.5,,
0,71.6902,-10.5,,
0,73.6458,-10.5,,
0,75.6014,-10.5,,
0,77.557,-10.5,,
0,79.5126,-10.5,,
0,81.4682,-10.5,,
0,83.4238,-10.5,,
0,85.3794,-10.5,,
0,87.335,-10.5,,
0,89.2906,-10.5,,
0,91.2462,-10.5,,
0,93.2018,-10.5,,
0,95.1574,-10.5,,
0,97.113,-10.5,,
0,99.0686,-10.5,,
0,101.0242,-10.5,,
0,102.9798,-10.5,,
0,14.9778,-12,,
0,16.9334,-12,,
0,18.889,-12,,
0,20.8446,-12,,
0,22.8002,-12,,
0,24.7558,-12,,
0,26.7114,-12,,
0,28.667,-12,,
0,30.6226,-12,,
0,32.5782,-12,,
0,34.5338,-12,,
0,36.4894,-12,,
0,38.445,-12,,
0,40.4006,-12,,
0,42.3562,-12,,
0,44.3118,-12,,
0,46.2674,-12,,
0,48.223,-12,,
0,50.1786,-12,,
0,52.1342,-12,,
0,54.0898,-12,,
0,56.0454,-12,,
0,58.001,-12,,
0,59.9566,-12,,
0,61.9122,-12,,
0,63.8678,-12,,
0,65.8234,-12,,
0,67.779,-12,,
0,69.7346,-12,,
0,71.6902,-12,,
0,73.6458,-12,,
0,75.6014,-12,,
0,77.557,-12,,
0,79.5126,-12,,
0,81.4682,-12,,
0,83.4238,-12,,
0,85.3794,-12,,
0,87.335,-12,,
0,89.2906,-12,,
0,91.2462,-12,,
0,93.2018,-12,,
0,95.1574,-12,,
0,97.113,-12,,
0,99.0686,-12,,
0,101.0242,-12,,
0,102.9798,-12,,
0,14.9778,-13.5,,
0,16.9334,-13.5,,
0,18.889,-13.5,,
0,20.8446,-13.5,,
0,22.8002,-13.5,,
0,24.7558,-13.5,,
0,26.7114,-13.5,,
0,28.667,-13.5,,
0,30.6226,-13.5,,
0,32.5782,-13.5,,
0,34.5338,-13.5,,
0,36.4894,-13.5,,
0,38.445,-13.5,,
0,40.4006,-13.5,,
0,42.3562,-13.5,,
0,44.3118,-13.5,,
0,46.2674,-13.5,,
0,48.223,-13.5,,
0,50.1786,-13.5,,
0,52.1342,-13.5,,
0,54.0898,-13.5,,
0,56.0454,-13.5,,
0,58.001,-13.5,,
0,59.9566,-13.5,,
0,61.9122,-13.5,,
0,63.8678,-13.5,,
0,65.8234,-13.5,,
0,67.779,-13.5,,
0,69.7346,-13.5,,
0,71.6902,-13.5,,
0,73.6458,-13.5,,
0,75.6014,-13.5,,
0,77.557,-13.5,,
0,79.5126,-13.5,,
0,81.4682,-13.5,,
0,83.4238,-13.5,,
0,85.3794,-13.5,,
0,87.335,-13.5,,
0,89.2906,-13.5,,
0,91.2462,-13.5,,
0,93.2018,-13.5,,
0,95.1574,-13.5,,
0,97.113,-13.5,,
0,99.0686,-13.5,,
0,101.0242,-13.5,,
0,102.9798,-13.5,,
0,14.9778,-15,,
0,16.9334,-15,,
0,18.889,-15,,
0,20.8446,-15,,
0,22.8002,-15,,
0,24.7558,-15,,
0,26.7114,-15,,
0,28.667,-15,,
0,30.6226,-15,,
0,32.5782,-15,,
0,34.5338,-15,,
0,36.4894,-15,,
0,38.445,-15,,
0,40.4006,-15,,
0,42.3562,-15,,
0,44.3118,-15,,
0,46.2674,-15,,
0,48.223,-15,,
0,50.1786,-15,,
0,52.1342,-15,,
0,54.0898,-15,,
0,56.0454,-15,,
0,58.001,-15,,
0,59.9566,-15,,
0,61.9122,-15,,
0,63.8678,-15,,
0,65.8234,-15,,
0,67.779,-15,,
0,69.7346,-15,,
0,71.6902,-15,,
0,73.6458,-15,,
0,75.6014,-15,,
0,77.557,-15,,
0,79.5126,-15,,
0,81.4682,-15,,
0,83.4238,-15,,
0,85.3794,-15,,
0,87.335,-15,,
0,89.2906,-15,,
0,91.2462,-15,,
0,93.2018,-15,,
0,95.1574,-15,,
0,97.113,-15,,
0,99.0686,-15,,
0,101.0242,-15,,
0,102.9798,-15,,
0,14.9778,-16.5,,
0,16.9334,-16.5,,
0,18.889,-16.5,,
0,20.8446,-16.5,,
0,22.8002,-16.5,,
0,24.7558,-16.5,,
0,26.7114,-16.5,,
0,28.667,-16.5,,
0,30.6226,-16.5,,
0,32.5782,-16.5,,
0,34.5338,-16.5,,
0,36.4894,-16.5,,
0,38.445,-16.5,,
0,40.4006,-16.5,,
0,42.3562,-16.5,,
0,44.3118,-16.5,,
0,46.2674,-16.5,,
0,48.223,-16.5,,
0,50.1786,-16.5,,
0,52.1342,-16.5,,
0,54.0898,-16.5,,
0,56.0454,-16.5,,
0,58.001,-16.5,,
0,59.9566,-16.5,,
0,61.9122,-16.5,,
0,63.8678,-16.5,,
0,65.8234,-16.5,,
0,67.779,-16.5,,
0,69.7346,-16.5,,
0,71.6902,-16.5,,
0,73.6458,-16.5,,
0,75.6014,-16.5,,
0,77.557,-16.5,,
0,79.5126,-16.5,,
0,81.4682,-16.5,,
0,83.4238,-16.5,,
0,85.3794,-16.5,,
0,87.335,-16.5,,
0,89.2906,-16.5,,
0,91.2462,-16.5,,
0,93.2018,-16.5,,
0,95.1574,-16.5,,
0,97.113,-16.5,,
0,99.0686,-16.5,,
0,101.0242,-16.5,,
0,102.9798,-16.5,,
0,14.9778,-18,,
0,16.9334,-18,,
0,18.889,-18,,
0,20.8446,-18,,
0,22.8002,-18,,
0,24.7558,-18,,
0,26.7114,-18,,
0,28.667,-18,,
0,30.6226,-18,,
0,32.5782,-18,,
0,34.5338,-18,,
0,36.4894,-18,,
0,38.445,-18,,
0,40.4006,-18,,
0,42.3562,-18,,
0,44.3118,-18,,
0,46.2674,-18,,
0,48.223,-18,,
0,50.1786,-18,,
0,52.1342,-18,,
0,54.0898,-18,,
0,56.0454,-18,,
0,58.001,-18,,
0,59.9566,-18,,
0,61.9122,-18,,
0,63.8678,-18,,
0,65.8234,-18,,
0,67.779,-18,,
0,69.7346,-18,,
0,71.6902,-18,,
0,73.6458,-18,,
0,75.6014,-18,,
0,77.557,-18,,
0,79.5126,-18,,
0,81.4682,-18,,
0,83.4238,-18,,
0,85.3794,-18,,
0,87.335,-18,,
0,89.2906,-18,,
0,91.2462,-18,,
0,93.2018,-18,,
0,95.1574,-18,,
0,97.113,-18,,
0,99.0686,-18,,
0,101.0242,-18,,
0,102.9798,-18,,
0,14.9778,-19.5,,
0,16.9334,-19.5,,
0,18.889,-19.5,,
0,20.8446,-19.5,,
0,22.8002,-19.5,,
0,24.7558,-19.5,,
0,26.7114,-19.5,,
0,28.667,-19.5,,
0,30.6226,-19.5,,
0,32.5782,-19.5,,
0,34.5338,-19.5,,
0,36.4894,-19.5,,
0,38.445,-19.5,,
0,40.4006,-19.5,,
0,42.3562,-19.5,,
0,44.3118,-19.5,,
0,46.2674,-19.5,,
0,48.223,-19.5,,
0,50.1786,-19.5,,
0,52.1342,-19.5,,
0,54.0898,-19.5,,
0,56.0454,-19.5,,
0,58.001,-19.5,,
0,59.9566,-19.5,,
0,61.9122,-19.5,,
0,63.8678,-19.5,,
0,65.8234,-19.5,,
0,67.779,-19.5,,
0,69.7346,-19.5,,
0,71.6902,-19.5,,
0,73.6458,-19.5,,
0,75.6014,-19.5,,
0,77.557,-19.5,,
0,79.5126,-19.5,,
0,81.4682,-19.5,,
0,83.4238,-19.5,,
0,85.3794,-19.5,,
0,87.335,-19.5,,
0,89.2906,-19.5,,
0,91.2462,-19.5,,
0,93.2018,-19.5,,
0,95.1574,-19.5,,
0,97.113,-19.5,,
0,99.0686,-19.5,,
0,101.0242,-19.5,,
0,102.9798,-19.5,,
0,14.9778,-21,,
0,16.9334,-21,,
0,18.889,-21,,
0,20.8446,-21,,
0,22.8002,-21,,
0,24.7558,-21,,
0,26.7114,-21,,
0,28.667,-21,,
0,30.6226,-21,,
0,32.5782,-21,,
0,34.5338,-21,,
0,36.4894,-21,,
0,38.445,-21,,
0,40.4006,-21,,
0,42.3562,-21,,
0,44.3118,-21,,
0,46.2674,-21,,
0,48.223,-21,,
0,50.1786,-21,,
0,52.1342,-21,,
0,54.0898,-21,,
0,56.0454,-21,,
0,58.001,-21,,
0,59.9566,-21,,
0,61.9122,-21,,
0,63.8678,-21,,
0,65.8234,-21,,
0,67.779,-21,,
0,69.7346,-21,,
0,71.6902,-21,,
0,73.6458,-21,,
0,75.6014,-21,,
0,77.557,-21,,
0,79.5126,-21,,
0,81.4682,-21,,
0,83.4238,-21,,
0,85.3794,-21,,
0,87.335,-21,,
0,89.2906,-21,,
0,91.2462,-21,,
0,93.2018,-21,,
0,95.1574,-21,,
0,97.113,-21,,
0,99.0686,-21,,
0,101.0242,-21,,
0,102.9798,-21,,
0,14.9778,-22.5,,
0,16.9334,-22.5,,
0,18.889,-22.5,,
0,20.8446,-22.5,,
0,22.8002,-22.5,,
0,24.7558,-22.5,,
0,26.7114,-22.5,,
0,28.667,-22.5,,
0,30.6226,-22.5,,
0,32.5782,-22.5,,
0,34.5338,-22.5,,
0,36.4894,-22.5,,
0,38.445,-22.5,,
0,40.4006,-22.5,,
0,42.3562,-22.5,,
0,44.3118,-22.5,,
0,46.2674,-22.5,,
0,48.223,-22.5,,
0,50.1786,-22.5,,
0,52.1342,-22.5,,
0,54.0898,-22.5,,
0,56.0454,-22.5,,
0,58.001,-22.5,,
0,59.9566,-22.5,,
0,61.9122,-22.5,,
0,63.8678,-22.5,,
0,65.8234,-22.5,,
0,67.779,-22.5,,
0,69.7346,-22.5,,
0,71.6902,-22.5,,
0,73.6458,-22.5,,
0,75.6014,-22.5,,
0,77.557,-22.5,,
0,79.5126,-22.5,,
0,81.4682,-22.5,,
0,83.4238,-22.5,,
0,85.3794,-22.5,,
0,87.335,-22.5,,
0,89.2906,-22.5,,
0,91.2462,-22.5,,
0,93.2018,-22.5,,
0,95.1574,-22.5,,
0,97.113,-22.5,,
0,99.0686,-22.5,,
0,101.0242,-22.5,,
0,102.9798,-22.5,,
0,14.9778,-24,,
0,16.9334,-24,,
0,18.889,-24,,
0,20.8446,-24,,
0,22.8002,-24,,
0,24.7558,-24,,
0,26.7114,-24,,
0,28.667,-24,,
0,30.6226,-24,,
0,32.5782,-24,,
0,34.5338,-24,,
0,36.4894,-24,,
0,38.445,-24,,
0,40.4006,-24,,
0,42.3562,-24,,
0,44.3118,-24,,
0,46.2674,-24,,
0,48.223,-24,,
0,50.1786,-24,,
0,52.1342,-24,,
0,54.0898,-24,,
0,56.0454,-24,,
0,58.001,-24,,
0,59.9566,-24,,
0,61.9122,-24,,
0,63.8678,-24,,
0,65.8234,-24,,
0,67.779,-24,,
0,69.7346,-24,,
0,71.6902,-24,,
0,73.6458,-24,,
0,75.6014,-24,,
0,77.557,-24,,
0,79.5126,-24,,
0,81.4682,-24,,
0,83.4238,-24,,
0,85.3794,-24,,
0,87.335,-24,,
0,89.2906,-24,,
0,91.2462,-24,,
0,93.2018,-24,,
0,95.1574,-24,,
0,97.113,-24,,
0,99.0686,-24,,
0,101.0242,-24,,
0,102.9798,-24,,
0,14.9778,-25.5,,
0,16.9334,-25.5,,
0,18.889,-25.5,,
0,20.8446,-25.5,,
0,22.8002,-25.5,,
0,24.7558,-25.5,,
0,26.7114,-25.5,,
0,28.667,-25.5,,
0,30.6226,-25.5,,
0,32.5782,-25.5,,
0,34.5338,-25.5,,
0,36.4894,-25.5,,
0,38.445,-25.5,,
0,40.4006,-25.5,,
0,42.3562,-25.5,,
0,44.3118,-25.5,,
0,46.2674,-25.5,,
0,48.223,-25.5,,
0,50.1786,-25.5,,
0,52.1342,-25.5,,
0,54.0898,-25.5,,
0,56.0454,-25.5,,
0,58.001,-25.5,,
0,59.9566,-25.5,,
0,61.9122,-25.5,,
0,63.8678,-25.5,,
0,65.8234,-25.5,,
0,67.779,-25.5,,
0,69.7346,-25.5,,
0,71.6902,-25.5,,
0,73.6458,-25.5,,
0,75.6014,-25.5,,
0,77.557,-25.5,,
0,79.5126,-25.5,,
0,81.4682,-25.5,,
0,83.4238,-25.5,,
0,85.3794,-25.5,,
0,87.335,-25.5,,
0,89.2906,-25.5,,
0,91.2462,-25.5,,
0,93.2018,-25.5,,
0,95.1574,-25.5,,
0,97.113,-25.5,,
0,99.0686,-25.5,,
0,101.0242,-25.5,,
0,102.9798,-25.5,,
0,14.9778,-27,,
0,16.9334,-27,,
0,18.889,-27,,
0,20.8446,-27,,
0,22.8002,-27,,
0,24.7558,-27,,
0,26.7114,-27,,
0,28.667,-27,,
0,30.6226,-27,,
0,32.5782,-27,,
0,34.5338,-27,,
0,36.4894,-27,,
0,38.445,-27,,
0,40.4006,-27,,
0,42.3562,-27,,
0,44.3118,-27,,
0,46.2674,-27,,
0,48.223,-27,,
0,50.1786,-27,,
0,52.1342,-27,,
0,54.0898,-27,,
0,56.0454,-27,,
0,58.001,-27,,
0,59.9566,-27,,
0,61.9122,-27,,
0,63.8678,-27,,
0,65.8234,-27,,
0,67.779,-27,,
0,69.7346,-27,,
0,71.6902,-27,,
0,73.6458,-27,,
0,75.6014,-27,,
0,77.557,-27,,
0,79.5126,-27,,
0,81.4682,-27,,
0,83.4238,-27,,
0,85.3794,-27,,
0,87.335,-27,,
0,89.2906,-27,,
0,91.2462,-27,,
0,93.2018,-27,,
0,95.1574,-27,,
0,97.113,-27,,
0,99.0686,-27,,
0,101.0242,-27,,
0,102.9798,-27,,
0,14.9778,-28.5,,
0,16.9334,-28.5,,
0,18.889,-28.5,,
0,20.8446,-28.5,,
0,22.8002,-28.5,,
0,24.7558,-28.5,,
0,26.7114,-28.5,,
0,28.667,-28.5,,
0,30.6226,-28.5,,
0,32.5782,-28.5,,
0,34.5338,-28.5,,
0,36.4894,-28.5,,
0,38.445,-28.5,,
0,40.4006,-28.5,,
0,42.3562,-28.5,,
0,44.3118,-28.5,,
0,46.2674,-28.5,,
0,48.223,-28.5,,
0,50.1786,-28.5,,
0,52.1342,-28.5,,
0,54.0898,-28.5,,
0,56.0454,-28.5,,
0,58.001,-28.5,,
0,59.9566,-28.5,,
0,61.9122,-28.5,,
0,63.8678,-28.5,,
0,65.8234,-28.5,,
0,67.779,-28.5,,
0,69.7346,-28.5,,
0,71.6902,-28.5,,
0,73.6458,-28.5,,
0,75.6014,-28.5,,
0,77.557,-28.5,,
0,79.5126,-28.5,,
0,81.4682,-28.5,,
0,83.4238,-28.5,,
0,85.3794,-28.5,,
0,87.335,-28.5,,
0,89.2906,-28.5,,
0,91.2462,-28.5,,
0,93.2018,-28.5,,
0,95.1574,-28.5,,
0,97.113,-28.5,,
0,99.0686,-28.5,,
0,101.0242,-28.5,,
0,102.9798,-28.5,,
0,14.9778,-30,,
0,16.9334,-30,,
0,18.889,-30,,
0,20.8446,-30,,
0,22.8002,-30,,
0,24.7558,-30,,
0,26.7114,-30,,
0,28.667,-30,,
0,30.6226,-30,,
0,32.5782,-30,,
0,34.5338,-30,,
0,36.4894,-30,,
0,38.445,-30,,
0,40.4006,-30,,
0,42.3562,-30,,
0,44.3118,-30,,
0,46.2674,-30,,
0,48.223,-30,,
0,50.1786,-30,,
0,52.1342,-30,,
0,54.0898,-30,,
0,56.0454,-30,,
0,58.001,-30,,
0,59.9566,-30,,
0,61.9122,-30,,
0,63.8678,-30,,
0,65.8234,-30,,
0,67.779,-30,,
0,69.7346,-30,,
0,71.6902,-30,,
0,73.6458,-30,,
0,75.6014,-30,,
0,77.557,-30,,
0,79.5126,-30,,
0,81.4682,-30,,
0,83.4238,-30,,
0,85.3794,-30,,
0,87.335,-30,,
0,89.2906,-30,,
0,91.2462,-30,,
0,93.2018,-30,,
0,95.1574,-30,,
0,97.113,-30,,
0,99.0686,-30,,
0,101.0242,-30,,
0,102.9798,-30,,
0,14.9778,-31.5,,
0,16.9334,-31.5,,
0,18.889,-31.5,,
0,20.8446,-31.5,,
0,22.8002,-31.5,,
0,24.7558,-31.5,,
0,26.7114,-31.5,,
0,28.667,-31.5,,
0,30.6226,-31.5,,
0,32.5782,-31.5,,
0,34.5338,-31.5,,
0,36.4894,-31.5,,
0,38.445,-31.5,,
0,40.4006,-31.5,,
0,42.3562,-31.5,,
0,44.3118,-31.5,,
0,46.2674,-31.5,,
0,48.223,-31.5,,
0,50.1786,-31.5,,
0,52.1342,-31.5,,
0,54.0898,-31.5,,
0,56.0454,-31.5,,
0,58.001,-31.5,,
0,59.9566,-31.5,,
0,61.9122,-31.5,,
0,63.8678,-31.5,,
0,65.8234,-31.5,,
0,67.779,-31.5,,
0,69.7346,-31.5,,
0,71.6902,-31.5,,
0,73.6458,-31.5,,
0,75.6014,-31.5,,
0,77.557,-31.5,,
0,79.5126,-31.5,,
0,81.4682,-31.5,,
0,83.4238,-31.5,,
0,85.3794,-31.5,,
0,87.335,-31.5,,
0,89.2906,-31.5,,
0,91.2462,-31.5,,
0,93.2018,-31.5,,
0,95.1574,-31.5,,
0,97.113,-31.5,,
0,99.0686,-31.5,,
0,101.0242,-31.5,,
0,102.9798,-31.5,,
0,14.9778,-33,,
0,16.9334,-33,,
0,18.889,-33,,
0,20.8446,-33,,
0,22.8002,-33,,
0,24.7558,-33,,
0,26.7114,-33,,
0,28.667,-33,,
0,30.6226,-33,,
0,32.5782,-33,,
0,34.5338,-33,,
0,36.4894,-33,,
0,38.445,-33,,
0,40.4006,-33,,
0,42.3562,-33,,
0,44.3118,-33,,
0,46.2674,-33,,
0,48.223,-33,,
0,50.1786,-33,,
0,52.1342,-33,,
0,54.0898,-33,,
0,56.0454,-33,,
0,58.001,-33,,
0,59.9566,-33,,
0,61.9122,-33,,
0,63.8678,-33,,
0,65.8234,-33,,
0,67.779,-33,,
0,69.7346,-33,,
0,71.6902,-33,,
0,73.6458,-33,,
0,75.6014,-33,,
0,77.557,-33,,
0,79.5126,-33,,
0,81.4682,-33,,
0,83.4238,-33,,
0,85.3794,-33,,
0,87.335,-33,,
0,89.2906,-33,,
0,91.2462,-33,,
0,93.2018,-33,,
0,95.1574,-33,,
0,97.113,-33,,
0,99.0686,-33,,
0,101.0242,-33,,
0,102.9798,-33,,
0,14.9778,-34.5,,
0,16.9334,-34.5,,
0,18.889,-34.5,,
0,20.8446,-34.5,,
0,22.8002,-34.5,,
0,24.7558,-34.5,,
0,26.7114,-34.5,,
0,28.667,-34.5,,
0,30.6226,-34.5,,
0,32.5782,-34.5,,
0,34.5338,-34.5,,
0,36.4894,-34.5,,
0,38.445,-34.5,,
0,40.4006,-34.5,,
0,42.3562,-34.5,,
0,44.3118,-34.5,,
0,46.2674,-34.5,,
0,48.223,-34.5,,
0,50.1786,-34.5,,
0,52.1342,-34.5,,
0,54.0898,-34.5,,
0,56.0454,-34.5,,
0,58.001,-34.5,,
0,59.9566,-34.5,,
0,61.9122,-34.5,,
0,63.8678,-34.5,,
0,65.8234,-34.5,,
0,67.779,-34.5,,
0,69.7346,-34.5,,
0,71.6902,-34.5,,
0,73.6458,-34.5,,
0,75.6014,-34.5,,
0,77.557,-34.5,,
0,79.5126,-34.5,,
0,81.4682,-34.5,,
0,83.4238,-34.5,,
0,85.3794,-34.5,,
0,87.335,-34.5,,
0,89.2906,-34.5,,
0,91.2462,-34.5,,
0,93.2018,-34.5,,
0,95.1574,-34.5,,
0,97.113,-34.5,,
0,99.0686,-34.5,,
0,101.0242,-34.5,,
0,102.9798,-34.5,,
0,14.9778,-36,,
0,16.9334,-36,,
0,18.889,-36,,
0,20.8446,-36,,
0,22.8002,-36,,
0,24.7558,-36,,
0,26.7114,-36,,
0,28.667,-36,,
0,30.6226,-36,,
0,32.5782,-36,,
0,34.5338,-36,,
0,36.4894,-36,,
0,38.445,-36,,
0,40.4006,-36,,
0,42.3562,-36,,
0,44.3118,-36,,
0,46.2674,-36,,
0,48.223,-36,,
0,50.1786,-36,,
0,52.1342,-36,,
0,54.0898,-36,,
0,56.0454,-36,,
0,58.001,-36,,
0,59.9566,-36,,
0,61.9122,-36,,
0,63.8678,-36,,
0,65.8234,-36,,
0,67.779,-36,,
0,69.7346,-36,,
0,71.6902,-36,,
0,73.6458,-36,,
0,75.6014,-36,,
0,77.557,-36,,
0,79.5126,-36,,
0,81.4682,-36,,
0,83.4238,-36,,
0,85.3794,-36,,
0,87.335,-36,,
0,89.2906,-36,,
0,91.2462,-36,,
0,93.2018,-36,,
0,95.1574,-36,,
0,97.113,-36,,
0,99.0686,-36,,
0,101.0242,-36,,
0,102.9798,-36,,
0,14.9778,-37.5,,
0,16.9334,-37.5,,
0,18.889,-37.5,,
0,20.8446,-37.5,,
0,22.8002,-37.5,,
0,24.7558,-37.5,,
0,26.7114,-37.5,,
0,28.667,-37.5,,
0,30.6226,-37.5,,
0,32.5782,-37.5,,
0,34.5338,-37.5,,
0,36.4894,-37.5,,
0,38.445,-37.5,,
0,40.4006,-37.5,,
0,42.3562,-37.5,,
0,44.3118,-37.5,,
0,46.2674,-37.5,,
0,48.223,-37.5,,
0,50.1786,-37.5,,
0,52.1342,-37.5,,
0,54.0898,-37.5,,
0,56.0454,-37.5,,
0,58.001,-37.5,,
0,59.9566,-37.5,,
0,61.9122,-37.5,,
0,63.8678,-37.5,,
0,65.8234,-37.5,,
0,67.779,-37.5,,
0,69.7346,-37.5,,
0,71.6902,-37.5,,
0,73.6458,-37.5,,
0,75.6014,-37.5,,
0,77.557,-37.5,,
0,79.5126,-37.5,,
0,81.4682,-37.5,,
0,83.4238,-37.5,,
0,85.3794,-37.5,,
0,87.335,-37.5,,
0,89.2906,-37.5,,
0,91.2462,-37.5,,
0,93.2018,-37.5,,
0,95.1574,-37.5,,
0,97.113,-37.5,,
0,99.0686,-37.5,,
0,101.0242,-37.5,,
0,102.9798,-37.5,,
0,14.9778,-39,,
0,16.9334,-39,,
0,18.889,-39,,
0,20.8446,-39,,
0,22.8002,-39,,
0,24.7558,-39,,
0,26.7114,-39,,
0,28.667,-39,,
0,30.6226,-39,,
0,32.5782,-39,,
0,34.5338,-39,,
0,36.4894,-39,,
0,38.445,-39,,
0,40.4006,-39,,
0,42.3562,-39,,
0,44.3118,-39,,
0,46.2674,-39,,
0,48.223,-39,,
0,50.1786,-39,,
0,52.1342,-39,,
0,54.0898,-39,,
0,56.0454,-39,,
0,58.001,-39,,
0,59.9566,-39,,
0,61.9122,-39,,
0,63.8678,-39,,
0,65.8234,-39,,
0,67.779,-39,,
0,69.7346,-39,,
0,71.6902,-39,,
0,73.6458,-39,,
0,75.6014,-39,,
0,77.557,-39,,
0,79.5126,-39,,
0,81.4682,-39,,
0,83.4238,-39,,
0,85.3794,-39,,
0,87.335,-39,,
0,89.2906,-39,,
0,91.2462,-39,,
0,93.2018,-39,,
0,95.1574,-39,,
0,97.113,-39,,
0,99.0686,-39,,
0,101.0242,-39,,
0,102.9798,-39,,
0,14.9778,-40.5,,
0,16.9334,-40.5,,
0,18.889,-40.5,,
0,20.8446,-40.5,,
0,22.8002,-40.5,,
0,24.7558,-40.5,,
0,26.7114,-40.5,,
0,28.667,-40.5,,
0,30.6226,-40.5,,
0,32.5782,-40.5,,
0,34.5338,-40.5,,
0,36.4894,-40.5,,
0,38.445,-40.5,,
0,40.4006,-40.5,,
0,42.3562,-40.5,,
0,44.3118,-40.5,,
0,46.2674,-40.5,,
0,48.223,-40.5,,
0,50.1786,-40.5,,
0,52.1342,-40.5,,
0,54.0898,-40.5,,
0,56.0454,-40.5,,
0,58.001,-40.5,,
0,59.9566,-40.5,,
0,61.9122,-40.5,,
0,63.8678,-40.5,,
0,65.8234,-40.5,,
0,67.779,-40.5,,
0,69.7346,-40.5,,
0,71.6902,-40.5,,
0,73.6458,-40.5,,
0,75.6014,-40.5,,
0,77.557,-40.5,,
0,79.5126,-40.5,,
0,81.4682,-40.5,,
0,83.4238,-40.5,,
0,85.3794,-40.5,,
0,87.335,-40.5,,
0,89.2906,-40.5,,
0,91.2462,-40.5,,
0,93.2018,-40.5,,
0,95.1574,-40.5,,
0,97.113,-40.5,,
0,99.0686,-40.5,,
0,101.0242,-40.5,,
0,102.9798,-40.5,,
0,14.9778,-42,,
0,16.9334,-42,,
0,18.889,-42,,
0,20.8446,-42,,
0,22.8002,-42,,
0,24.7558,-42,,
0,26.7114,-42,,
0,28.667,-42,,
0,30.6226,-42,,
0,32.5782,-42,,
0,34.5338,-42,,
0,36.4894,-42,,
0,38.445,-42,,
0,40.4006,-42,,
0,42.3562,-42,,
0,44.3118,-42,,
0,46.2674,-42,,
0,48.223,-42,,
0,50.1786,-42,,
0,52.1342,-42,,
0,54.0898,-42,,
0,56.0454,-42,,
0,58.001,-42,,
0,59.9566,-42,,
0,61.9122,-42,,
0,63.8678,-42,,
0,65.8234,-42,,
0,67.779,-42,,
0,69.7346,-42,,
0,71.6902,-42,,
0,73.6458,-42,,
0,75.6014,-42,,
0,77.557,-42,,
0,79.5126,-42,,
0,81.4682,-42,,
0,83.4238,-42,,
0,85.3794,-42,,
0,87.335,-42,,
0,89.2906,-42,,
0,91.2462,-42,,
0,93.2018,-42,,
0,95.1574,-42,,
0,97.113,-42,,
0,99.0686,-42,,
0,101.0242,-42,,
0,102.9798,-42,,
0,14.9778,-43.5,,
0,16.9334,-43.5,,
0,18.889,-43.5,,
0,20.8446,-43.5,,
0,22.8002,-43.5,,
0,24.7558,-43.5,,
0,26.7114,-43.5,,
0,28.667,-43.5,,
0,30.6226,-43.5,,
0,32.5782,-43.5,,
0,34.5338,-43.5,,
0,36.4894,-43.5,,
0,38.445,-43.5,,
0,40.4006,-43.5,,
0,42.3562,-43.5,,
0,44.3118,-43.5,,
0,46.2674,-43.5,,
0,48.223,-43.5,,
0,50.1786,-43.5,,
0,52.1342,-43.5,,
0,54.0898,-43.5,,
0,56.0454,-43.5,,
0,58.001,-43.5,,
0,59.9566,-43.5,,
0,61.9122,-43.5,,
0,63.8678,-43.5,,
0,65.8234,-43.5,,
0,67.779,-43.5,,
0,69.7346,-43.5,,
0,71.6902,-43.5,,
0,73.6458,-43.5,,
0,75.6014,-43.5,,
0,77.557,-43.5,,
0,79.5126,-43.5,,
0,81.4682,-43.5,,
0,83.4238,-43.5,,
0,85.3794,-43.5,,
0,87.335,-43.5,,
0,89.2906,-43.5,,
0,91.2462,-43.5,,
0,93.2018,-43.5,,
0,95.1574,-43.5,,
0,97.113,-43.5,,
0,99.0686,-43.5,,
0,101.0242,-43.5,,
0,102.9798,-43.5,,
0,14.9778,-45,,
0,16.9334,-45,,
0,18.889,-45,,
0,20.8446,-45,,
0,22.8002,-45,,
0,24.7558,-45,,
0,26.7114,-45,,
0,28.667,-45,,
0,30.6226,-45,,
0,32.5782,-45,,
0,34.5338,-45,,
0,36.4894,-45,,
0,38.445,-45,,
0,40.4006,-45,,
0,42.3562,-45,,
0,44.3118,-45,,
0,46.2674,-45,,
0,48.223,-45,,
0,50.1786,-45,,
0,52.1342,-45,,
0,54.0898,-45,,
0,56.0454,-45,,
0,58.001,-45,,
0,59.9566,-45,,
0,61.9122,-45,,
0,63.8678,-45,,
0,65.8234,-45,,
0,67.779,-45,,
0,69.7346,-45,,
0,71.6902,-45,,
0,73.6458,-45,,
0,75.6014,-45,,
0,77.557,-45,,
0,79.5126,-45,,
0,81.4682,-45,,
0,83.4238,-45,,
0,85.3794,-45,,
0,87.335,-45,,
0,89.2906,-45,,
0,91.2462,-45,,
0,93.2018,-45,,
0,95.1574,-45,,
0,97.113,-45,,
0,99.0686,-45,,
0,101.0242,-45,,
0,102.9798,-45,,
0,14.9778,-46.5,,
0,16.9334,-46.5,,
0,18.889,-46.5,,
0,20.8446,-46.5,,
0,22.8002,-46.5,,
0,24.7558,-46.5,,
0,26.7114,-46.5,,
0,28.667,-46.5,,
0,30.6226,-46.5,,
0,32.5782,-46.5,,
0,34.5338,-46.5,,
0,36.4894,-46.5,,
0,38.445,-46.5,,
0,40.4006,-46.5,,
0,42.3562,-46.5,,
0,44.3118,-46.5,,
0,46.2674,-46.5,,
0,48.223,-46.5,,
0,50.1786,-46.5,,
0,52.1342,-46.5,,
0,54.0898,-46.5,,
0,56.0454,-46.5,,
0,58.001,-46.5,,
0,59.9566,-46.5,,
0,61.9122,-46.5,,
0,63.8678,-46.5,,
0,65.8234,-46.5,,
0,67.779,-46.5,,
0,69.7346,-46.5,,
0,71.6902,-46.5,,
0,73.6458,-46.5,,
0,75.6014,-46.5,,
0,77.557,-46.5,,
0,79.5126,-46.5,,
0,81.4682,-46.5,,
0,83.4238,-46.5,,
0,85.3794,-46.5,,
0,87.335,-46.5,,
0,89.2906,-46.5,,
0,91.2462,-46.5,,
0,93.2018,-46.5,,
0,95.1574,-46.5,,
0,97.113,-46.5,,
0,99.0686,-46.5,,
0,101.0242,-46.5,,
0,102.9798,-46.5,,
0,14.9778,-48,,
0,16.9334,-48,,
0,18.889,-48,,
0,20.8446,-48,,
0,22.8002,-48,,
0,24.7558,-48,,
0,26.7114,-48,,
0,28.667,-48,,
0,30.6226,-48,,
0,32.5782,-48,,
0,34.5338,-48,,
0,36.4894,-48,,
0,38.445,-48,,
0,40.4006,-48,,
0,42.3562,-48,,
0,44.3118,-48,,
0,46.2674,-48,,
0,48.223,-48,,
0,50.1786,-48,,
0,52.1342,-48,,
0,54.0898,-48,,
0,56.0454,-48,,
0,58.001,-48,,
0,59.9566,-48,,
0,61.9122,-48,,
0,63.8678,-48,,
0,65.8234,-48,,
0,67.779,-48,,
0,69.7346,-48,,
0,71.6902,-48,,
0,73.6458,-48,,
0,75.6014,-48,,
0,77.557,-48,,
0,79.5126,-48,,
0,81.4682,-48,,
0,83.4238,-48,,
0,85.3794,-48,,
0,87.335,-48,,
0,89.2906,-48,,
0,91.2462,-48,,
0,93.2018,-48,,
0,95.1574,-48,,
0,97.113,-48,,
0,99.0686,-48,,
0,101.0242,-48,,
0,102.9798,-48,,
0,14.9778,-49.5,,
0,16.9334,-49.5,,
0,18.889,-49.5,,
0,20.8446,-49.5,,
0,22.8002,-49.5,,
0,24.7558,-49.5,,
0,26.7114,-49.5,,
0,28.667,-49.5,,
0,30.6226,-49.5,,
0,32.5782,-49.5,,
0,34.5338,-49.5,,
0,36.4894,-49.5,,
0,38.445,-49.5,,
0,40.4006,-49.5,,
0,42.3562,-49.5,,
0,44.3118,-49.5,,
0,46.2674,-49.5,,
0,48.223,-49.5,,
0,50.1786,-49.5,,
0,52.1342,-49.5,,
0,54.0898,-49.5,,
0,56.0454,-49.5,,
0,58.001,-49.5,,
0,59.9566,-49.5,,
0,61.9122,-49.5,,
0,63.8678,-49.5,,
0,65.8234,-49.5,,
0,67.779,-49.5,,
0,69.7346,-49.5,,
0,71.6902,-49.5,,
0,73.6458,-49.5,,
0,75.6014,-49.5,,
0,77.557,-49.5,,
0,79.5126,-49.5,,
0,81.4682,-49.5,,
0,83.4238,-49.5,,
0,85.3794,-49.5,,
0,87.335,-49.5,,
0,89.2906,-49.5,,
0,91.2462,-49.5,,
0,93.2018,-49.5,,
0,95.1574,-49.5,,
0,97.113,-49.5,,
0,99.0686,-49.5,,
0,101.0242,-49.5,,
0,102.9798,-49.5,,
0,14.9778,-51,,
0,16.9334,-51,,
0,18.889,-51,,
0,20.8446,-51,,
0,22.8002,-51,,
0,24.7558,-51,,
0,26.7114,-51,,
0,28.667,-51,,
0,30.6226,-51,,
0,32.5782,-51,,
0,34.5338,-51,,
0,36.4894,-51,,
0,38.445,-51,,
0,40.4006,-51,,
0,42.3562,-51,,
0,44.3118,-51,,
0,46.2674,-51,,
0,48.223,-51,,
0,50.1786,-51,,
0,52.1342,-51,,
0,54.0898,-51,,
0,56.0454,-51,,
0,58.001,-51,,
0,59.9566,-51,,
0,61.9122,-51,,
0,63.8678,-51,,
0,65.8234,-51,,
0,67.779,-51,,
0,69.7346,-51,,
0,71.6902,-51,,
0,73.6458,-51,,
0,75.6014,-51,,
0,77.557,-51,,
0,79.5126,-51,,
0,81.4682,-51,,
0,83.4238,-51,,
0,85.3794,-51,,
0,87.335,-51,,
0,89.2906,-51,,
0,91.2462,-51,,
0,93.2018,-51,,
0,95.1574,-51,,
0,97.113,-51,,
0,99.0686,-51,,
0,101.0242,-51,,
0,102.9798,-51,,
0,14.9778,-52.5,,
0,16.9334,-52.5,,
0,18.889,-52.5,,
0,20.8446,-52.5,,
0,22.8002,-52.5,,
0,24.7558,-52.5,,
0,26.7114,-52.5,,
0,28.667,-52.5,,
0,30.6226,-52.5,,
0,32.5782,-52.5,,
0,34.5338,-52.5,,
0,36.4894,-52.5,,
0,38.445,-52.5,,
0,40.4006,-52.5,,
0,42.3562,-52.5,,
0,44.3118,-52.5,,
0,46.2674,-52.5,,
0,48.223,-52.5,,
0,50.1786,-52.5,,
0,52.1342,-52.5,,
0,54.0898,-52.5,,
0,56.0454,-52.5,,
0,58.001,-52.5,,
0,59.9566,-52.5,,
0,61.9122,-52.5,,
0,63.8678,-52.5,,
0,65.8234,-52.5,,
0,67.779,-52.5,,
0,69.7346,-52.5,,
0,71.6902,-52.5,,
0,73.6458,-52.5,,
0,75.6014,-52.5,,
0,77.557,-52.5,,
0,79.5126,-52.5,,
0,81.4682,-52.5,,
0,83.4238,-52.5,,
0,85.3794,-52.5,,
0,87.335,-52.5,,
0,89.2906,-52.5,,
0,91.2462,-52.5,,
0,93.2018,-52.5,,
0,95.1574,-52.5,,
0,97.113,-52.5,,
0,99.0686,-52.5,,
0,101.0242,-52.5,,
0,102.9798,-52.5,,
0,14.9778,-54,,
0,16.9334,-54,,
0,18.889,-54,,
0,20.8446,-54,,
0,22.8002,-54,,
0,24.7558,-54,,
0,26.7114,-54,,
0,28.667,-54,,
0,30.6226,-54,,
0,32.5782,-54,,
0,34.5338,-54,,
0,36.4894,-54,,
0,38.445,-54,,
0,40.4006,-54,,
0,42.3562,-54,,
0,44.3118,-54,,
0,46.2674,-54,,
0,48.223,-54,,
0,50.1786,-54,,
0,52.1342,-54,,
0,54.0898,-54,,
0,56.0454,-54,,
0,58.001,-54,,
0,59.9566,-54,,
0,61.9122,-54,,
0,63.8678,-54,,
0,65.8234,-54,,
0,67.779,-54,,
0,69.7346,-54,,
0,71.6902,-54,,
0,73.6458,-54,,
0,75.6014,-54,,
0,77.557,-54,,
0,79.5126,-54,,
0,81.4682,-54,,
0,83.4238,-54,,
0,85.3794,-54,,
0,87.335,-54,,
0,89.2906,-54,,
0,91.2462,-54,,
0,93.2018,-54,,
0,95.1574,-54,,
0,97.113,-54,,
0,99.0686,-54,,
0,101.0242,-54,,
0,102.9798,-54,,
0,14.9778,-55.5,,
0,16.9334,-55.5,,
0,18.889,-55.5,,
0,20.8446,-55.5,,
0,22.8002,-55.5,,
0,24.7558,-55.5,,
0,26.7114,-55.5,,
0,28.667,-55.5,,
0,30.6226,-55.5,,
0,32.5782,-55.5,,
0,34.5338,-55.5,,
0,36.4894,-55.5,,
0,38.445,-55.5,,
0,40.4006,-55.5,,
0,42.3562,-55.5,,
0,44.3118,-55.5,,
0,46.2674,-55.5,,
0,48.223,-55.5,,
0,50.1786,-55.5,,
0,52.1342,-55.5,,
0,54.0898,-55.5,,
0,56.0454,-55.5,,
0,58.001,-55.5,,
0,59.9566,-55.5,,
0,61.9122,-55.5,,
0,63.8678,-55.5,,
0,65.8234,-55.5,,
0,67.779,-55.5,,
0,69.7346,-55.5,,
0,71.6902,-55.5,,
0,73.6458,-55.5,,
0,75.6014,-55.5,,
0,77.557,-55.5,,
0,79.5126,-55.5,,
0,81.4682,-55.5,,
0,83.4238,-55.5,,
0,85.3794,-55.5,,
0,87.335,-55.5,,
0,89.2906,-55.5,,
0,91.2462,-55.5,,
0,93.2018,-55.5,,
0,95.1574,-55.5,,
0,97.113,-55.5,,
0,99.0686,-55.5,,
0,101.0242,-55.5,,
0,102.9798,-55.5,,
0,14.9778,-57,,
0,16.9334,-57,,
0,18.889,-57,,
0,20.8446,-57,,
0,22.8002,-57,,
0,24.7558,-57,,
0,26.7114,-57,,
0,28.667,-57,,
0,30.6226,-57,,
0,32.5782,-57,,
0,34.5338,-57,,
0,36.4894,-57,,
0,38.445,-57,,
0,40.4006,-57,,
0,42.3562,-57,,
0,44.3118,-57,,
0,46.2674,-57,,
0,48.223,-57,,
0,50.1786,-57,,
0,52.1342,-57,,
0,54.0898,-57,,
0,56.0454,-57,,
0,58.001,-57,,
0,59.9566,-57,,
0,61.9122,-57,,
0,63.8678,-57,,
0,65.8234,-57,,
0,67.779,-57,,
0,69.7346,-57,,
0,71.6902,-57,,
0,73.6458,-57,,
0,75.6014,-57,,
0,77.557,-57,,
0,79.5126,-57,,
0,81.4682,-57,,
0,83.4238,-57,,
0,85.3794,-57,,
0,87.335,-57,,
0,89.2906,-57,,
0,91.2462,-57,,
0,93.2018,-57,,
0,95.1574,-57,,
0,97.113,-57,,
0,99.0686,-57,,
0,101.0242,-57,,
0,102.9798,-57,,
0,14.9778,-58.5,,
0,16.9334,-58.5,,
0,18.889,-58.5,,
0,20.8446,-58.5,,
0,22.8002,-58.5,,
0,24.7558,-58.5,,
0,26.7114,-58.5,,
0,28.667,-58.5,,
0,30.6226,-58.5,,
0,32.5782,-58.5,,
0,34.5338,-58.5,,
0,36.4894,-58.5,,
0,38.445,-58.5,,
0,40.4006,-58.5,,
0,42.3562,-58.5,,
0,44.3118,-58.5,,
0,46.2674,-58.5,,
0,48.223,-58.5,,
0,50.1786,-58.5,,
0,52.1342,-58.5,,
0,54.0898,-58.5,,
0,56.0454,-58.5,,
0,58.001,-58.5,,
0,59.9566,-58.5,,
0,61.9122,-58.5,,
0,63.8678,-58.5,,
0,65.8234,-58.5,,
0,67.779,-58.5,,
0,69.7346,-58.5,,
0,71.6902,-58.5,,
0,73.6458,-58.5,,
0,75.6014,-58.5,,
0,77.557,-58.5,,
0,79.5126,-58.5,,
0,81.4682,-58.5,,
0,83.4238,-58.5,,
0,85.3794,-58.5,,
0,87.335,-58.5,,
0,89.2906,-58.5,,
0,91.2462,-58.5,,
0,93.2018,-58.5,,
0,95.1574,-58.5,,
0,97.113,-58.5,,
0,99.0686,-58.5,,
0,101.0242,-58.5,,
0,102.9798,-58.5,,
0,14.9778,-60,,
0,16.9334,-60,,
0,18.889,-60,,
0,20.8446,-60,,
0,22.8002,-60,,
0,24.7558,-60,,
0,26.7114,-60,,
0,28.667,-60,,
0,30.6226,-60,,
0,32.5782,-60,,
0,34.5338,-60,,
0,36.4894,-60,,
0,38.445,-60,,
0,40.4006,-60,,
0,42.3562,-60,,
0,44.3118,-60,,
0,46.2674,-60,,
0,48.223,-60,,
0,50.1786,-60,,
0,52.1342,-60,,
0,54.0898,-60,,
0,56.0454,-60,,
0,58.001,-60,,
0,59.9566,-60,,
0,61.9122,-60,,
0,63.8678,-60,,
0,65.8234,-60,,
0,67.779,-60,,
0,69.7346,-60,,
0,71.6902,-60,,
0,73.6458,-60,,
0,75.6014,-60,,
0,77.557,-60,,
0,79.5126,-60,,
0,81.4682,-60,,
0,83.4238,-60,,
0,85.3794,-60,,
0,87.335,-60,,
0,89.2906,-60,,
0,91.2462,-60,,
0,93.2018,-60,,
0,95.1574,-60,,
0,97.113,-60,,
0,99.0686,-60,,
0,101.0242,-60,,
0,102.9798,-60,,
0,14.9778,-61.5,,
0,16.9334,-61.5,,
0,18.889,-61.5,,
0,20.8446,-61.5,,
0,22.8002,-61.5,,
0,24.7558,-61.5,,
0,26.7114,-61.5,,
0,28.667,-61.5,,
0,30.6226,-61.5,,
0,32.5782,-61.5,,
0,34.5338,-61.5,,
0,36.4894,-61.5,,
0,38.445,-61.5,,
0,40.4006,-61.5,,
0,42.3562,-61.5,,
0,44.3118,-61.5,,
0,46.2674,-61.5,,
0,48.223,-61.5,,
0,50.1786,-61.5,,
0,52.1342,-61.5,,
0,54.0898,-61.5,,
0,56.0454,-61.5,,
0,58.001,-61.5,,
0,59.9566,-61.5,,
0,61.9122,-61.5,,
0,63.8678,-61.5,,
0,65.8234,-61.5,,
0,67.779,-61.5,,
0,69.7346,-61.5,,
0,71.6902,-61.5,,
0,73.6458,-61.5,,
0,75.6014,-61.5,,
0,77.557,-61.5,,
0,79.5126,-61.5,,
0,81.4682,-61.5,,
0,83.4238,-61.5,,
0,85.3794,-61.5,,
0,87.335,-61.5,,
0,89.2906,-61.5,,
0,91.2462,-61.5,,
0,93.2018,-61.5,,
0,95.1574,-61.5,,
0,97.113,-61.5,,
0,99.0686,-61.5,,
0,101.0242,-61.5,,
0,102.9798,-61.5,,
0,14.9778,-63,,
0,16.9334,-63,,
0,18.889,-63,,
0,20.8446,-63,,
0,22.8002,-63,,
0,24.7558,-63,,
0,26.7114,-63,,
0,28.667,-63,,
0,30.6226,-63,,
0,32.5782,-63,,
0,34.5338,-63,,
0,36.4894,-63,,
0,38.445,-63,,
0,40.4006,-63,,
0,42.3562,-63,,
0,44.3118,-63,,
0,46.2674,-63,,
0,48.223,-63,,
0,50.1786,-63,,
0,52.1342,-63,,
0,54.0898,-63,,
0,56.0454,-63,,
0,58.001,-63,,
0,59.9566,-63,,
0,61.9122,-63,,
0,63.8678,-63,,
0,65.8234,-63,,
0,67.779,-63,,
0,69.7346,-63,,
0,71.6902,-63,,
0,73.6458,-63,,
0,75.6014,-63,,
0,77.557,-63,,
0,79.5126,-63,,
0,81.4682,-63,,
0,83.4238,-63,,
0,85.3794,-63,,
0,87.335,-63,,
0,89.2906,-63,,
0,91.2462,-63,,
0,93.2018,-63,,
0,95.1574,-63,,
0,97.113,-63,,
0,99.0686,-63,,
0,101.0242,-63,,
0,102.9798,-63,,
0,14.9778,-64.5,,
0,16.9334,-64.5,,
0,18.889,-64.5,,
0,20.8446,-64.5,,
0,22.8002,-64.5,,
0,24.7558,-64.5,,
0,26.7114,-64.5,,
0,28.667,-64.5,,
0,30.6226,-64.5,,
0,32.5782,-64.5,,
0,34.5338,-64.5,,
0,36.4894,-64.5,,
0,38.445,-64.5,,
0,40.4006,-64.5,,
0,42.3562,-64.5,,
0,44.3118,-64.5,,
0,46.2674,-64.5,,
0,48.223,-64.5,,
0,50.1786,-64.5,,
0,52.1342,-64.5,,
0,54.0898,-64.5,,
0,56.0454,-64.5,,
0,58.001,-64.5,,
0,59.9566,-64.5,,
0,61.9122,-64.5,,
0,63.8678,-64.5,,
0,65.8234,-64.5,,
0,67.779,-64.5,,
0,69.7346,-64.5,,
0,71.6902,-64.5,,
0,73.6458,-64.5,,
0,75.6014,-64.5,,
0,77.557,-64.5,,
0,79.5126,-64.5,,
0,81.4682,-64.5,,
0,83.4238,-64.5,,
0,85.3794,-64.5,,
0,87.335,-64.5,,
0,89.2906,-64.5,,
0,91.2462,-64.5,,
0,93.2018,-64.5,,
0,95.1574,-64.5,,
0,97.113,-64.5,,
0,99.0686,-64.5,,
0,101.0242,-64.5,,
0,102.9798,-64.5,,
0,14.9778,-66,,
0,16.9334,-66,,
0,18.889,-66,,
0,20.8446,-66,,
0,22.8002,-66,,
0,24.7558,-66,,
0,26.7114,-66,,
0,28.667,-66,,
0,30.6226,-66,,
0,32.5782,-66,,
0,34.5338,-66,,
0,36.4894,-66,,
0,38.445,-66,,
0,40.4006,-66,,
0,42.3562,-66,,
0,44.3118,-66,,
0,46.2674,-66,,
0,48.223,-66,,
0,50.1786,-66,,
0,52.1342,-66,,
0,54.0898,-66,,
0,56.0454,-66,,
0,58.001,-66,,
0,59.9566,-66,,
0,61.9122,-66,,
0,63.8678,-66,,
0,65.8234,-66,,
0,67.779,-66,,
0,69.7346,-66,,
0,71.6902,-66,,
0,73.6458,-66,,
0,75.6014,-66,,
0,77.557,-66,,
0,79.5126,-66,,
0,81.4682,-66,,
0,83.4238,-66,,
0,85.3794,-66,,
0,87.335,-66,,
0,89.2906,-66,,
0,91.2462,-66,,
0,93.2018,-66,,
0,95.1574,-66,,
0,97.113,-66,,
0,99.0686,-66,,
0,101.0242,-66,,
0,102.9798,-66,,
0,14.9778,-67.5,,
0,16.9334,-67.5,,
0,18.889,-67.5,,
0,20.8446,-67.5,,
0,22.8002,-67.5,,
0,24.7558,-67.5,,
0,26.7114,-67.5,,
0,28.667,-67.5,,
0,30.6226,-67.5,,
0,32.5782,-67.5,,
0,34.5338,-67.5,,
0,36.4894,-67.5,,
0,38.445,-67.5,,
0,40.4006,-67.5,,
0,42.3562,-67.5,,
0,44.3118,-67.5,,
0,46.2674,-67.5,,
0,48.223,-67.5,,
0,50.1786,-67.5,,
0,52.1342,-67.5,,
0,54.0898,-67.5,,
0,56.0454,-67.5,,
0,58.001,-67.5,,
0,59.9566,-67.5,,
0,61.9122,-67.5,,
0,63.8678,-67.5,,
0,65.8234,-67.5,,
0,67.779,-67.5,,
0,69.7346,-67.5,,
0,71.6902,-67.5,,
0,73.6458,-67.5,,
0,75.6014,-67.5,,
0,77.557,-67.5,,
0,79.5126,-67.5,,
0,81.4682,-67.5,,
0,83.4238,-67.5,,
0,85.3794,-67.5,,
0,87.335,-67.5,,
0,89.2906,-67.5,,
0,91.2462,-67.5,,
0,93.2018,-67.5,,
0,95.1574,-67.5,,
0,97.113,-67.5,,
0,99.0686,-67.5,,
0,101.0242,-67.5,,
0,102.9798,-67.5,,
0,14.9778,-69,,
0,16.9334,-69,,
0,18.889,-69,,
0,20.8446,-69,,
0,22.8002,-69,,
0,24.7558,-69,,
0,26.7114,-69,,
0,28.667,-69,,
0,30.6226,-69,,
0,32.5782,-69,,
0,34.5338,-69,,
0,36.4894,-69,,
0,38.445,-69,,
0,40.4006,-69,,
0,42.3562,-69,,
0,44.3118,-69,,
0,46.2674,-69,,
0,48.223,-69,,
0,50.1786,-69,,
0,52.1342,-69,,
0,54.0898,-69,,
0,56.0454,-69,,
0,58.001,-69,,
0,59.9566,-69,,
0,61.9122,-69,,
0,63.8678,-69,,
0,65.8234,-69,,
0,67.779,-69,,
0,69.7346,-69,,
0,71.6902,-69,,
0,73.6458,-69,,
0,75.6014,-69,,
0,77.557,-69,,
0,79.5126,-69,,
0,81.4682,-69,,
0,83.4238,-69,,
0,85.3794,-69,,
0,87.335,-69,,
0,89.2906,-69,,
0,91.2462,-69,,
0,93.2018,-69,,
0,95.1574,-69,,
0,97.113,-69,,
0,99.0686,-69,,
0,101.0242,-69,,
0,102.9798,-69,,
0,14.9778,-70.5,,
0,16.9334,-70.5,,
0,18.889,-70.5,,
0,20.8446,-70.5,,
0,22.8002,-70.5,,
0,24.7558,-70.5,,
0,26.7114,-70.5,,
0,28.667,-70.5,,
0,30.6226,-70.5,,
0,32.5782,-70.5,,
0,34.5338,-70.5,,
0,36.4894,-70.5,,
0,38.445,-70.5,,
0,40.4006,-70.5,,
0,42.3562,-70.5,,
0,44.3118,-70.5,,
0,46.2674,-70.5,,
0,48.223,-70.5,,
0,50.1786,-70.5,,
0,52.1342,-70.5,,
0,54.0898,-70.5,,
0,56.0454,-70.5,,
0,58.001,-70.5,,
0,59.9566,-70.5,,
0,61.9122,-70.5,,
0,63.8678,-70.5,,
0,65.8234,-70.5,,
0,67.779,-70.5,,
0,69.7346,-70.5,,
0,71.6902,-70.5,,
0,73.6458,-70.5,,
0,75.6014,-70.5,,
0,77.557,-70.5,,
0,79.5126,-70.5,,
0,81.4682,-70.5,,
0,83.4238,-70.5,,
0,85.3794,-70.5,,
0,87.335,-70.5,,
0,89.2906,-70.5,,
0,91.2462,-70.5,,
0,93.2018,-70.5,,
0,95.1574,-70.5,,
0,97.113,-70.5,,
0,99.0686,-70.5,,
0,101.0242,-70.5,,
0,102.9798,-70.5,,
0,14.9778,-72,,
0,16.9334,-72,,
0,18.889,-72,,
0,20.8446,-72,,
0,22.8002,-72,,
0,24.7558,-72,,
0,26.7114,-72,,
0,28.667,-72,,
0,30.6226,-72,,
0,32.5782,-72,,
0,34.5338,-72,,
0,36.4894,-72,,
0,38.445,-72,,
0,40.4006,-72,,
0,42.3562,-72,,
0,44.3118,-72,,
0,46.2674,-72,,
0,48.223,-72,,
0,50.1786,-72,,
0,52.1342,-72,,
0,54.0898,-72,,
0,56.0454,-72,,
0,58.001,-72,,
0,59.9566,-72,,
0,61.9122,-72,,
0,63.8678,-72,,
0,65.8234,-72,,
0,67.779,-72,,
0,69.7346,-72,,
0,71.6902,-72,,
0,73.6458,-72,,
0,75.6014,-72,,
0,77.557,-72,,
0,79.5126,-72,,
0,81.4682,-72,,
0,83.4238,-72,,
0,85.3794,-72,,
0,87.335,-72,,
0,89.2906,-72,,
0,91.2462,-72,,
0,93.2018,-72,,
0,95.1574,-72,,
0,97.113,-72,,
0,99.0686,-72,,
0,101.0242,-72,,
0,102.9798,-72,,
0,14.9778,-73.5,,
0,16.9334,-73.5,,
0,18.889,-73.5,,
0,20.8446,-73.5,,
0,22.8002,-73.5,,
0,24.7558,-73.5,,
0,26.7114,-73.5,,
0,28.667,-73.5,,
0,30.6226,-73.5,,
0,32.5782,-73.5,,
0,34.5338,-73.5,,
0,36.4894,-73.5,,
0,38.445,-73.5,,
0,40.4006,-73.5,,
0,42.3562,-73.5,,
0,44.3118,-73.5,,
0,46.2674,-73.5,,
0,48.223,-73.5,,
0,50.1786,-73.5,,
0,52.1342,-73.5,,
0,54.0898,-73.5,,
0,56.0454,-73.5,,
0,58.001,-73.5,,
0,59.9566,-73.5,,
0,61.9122,-73.5,,
0,63.8678,-73.5,,
0,65.8234,-73.5,,
0,67.779,-73.5,,
0,69.7346,-73.5,,
0,71.6902,-73.5,,
0,73.6458,-73.5,,
0,75.6014,-73.5,,
0,77.557,-73.5,,
0,79.5126,-73.5,,
0,81.4682,-73.5,,
0,83.4238,-73.5,,
0,85.3794,-73.5,,
0,87.335,-73.5,,
0,89.2906,-73.5,,
0,91.2462,-73.5,,
0,93.2018,-73.5,,
0,95.1574,-73.5,,
0,97.113,-73.5,,
0,99.0686,-73.5,,
0,101.0242,-73.5,,
0,102.9798,-73.5,,
0,14.9778,-75,,
0,16.9334,-75,,
0,18.889,-75,,
0,20.8446,-75,,
0,22.8002,-75,,
0,24.7558,-75,,
0,26.7114,-75,,
0,28.667,-75,,
0,30.6226,-75,,
0,32.5782,-75,,
0,34.5338,-75,,
0,36.4894,-75,,
0,38.445,-75,,
0,40.4006,-75,,
0,42.3562,-75,,
0,44.3118,-75,,
0,46.2674,-75,,
0,48.223,-75,,
0,50.1786,-75,,
0,52.1342,-75,,
0,54.0898,-75,,
0,56.0454,-75,,
0,58.001,-75,,
0,59.9566,-75,,
0,61.9122,-75,,
0,63.8678,-75,,
0,65.8234,-75,,
0,67.779,-75,,
0,69.7346,-75,,
0,71.6902,-75,,
0,73.6458,-75,,
0,75.6014,-75,,
0,77.557,-75,,
0,79.5126,-75,,
0,81.4682,-75,,
0,83.4238,-75,,
0,85.3794,-75,,
0,87.335,-75,,
0,89.2906,-75,,
0,91.2462,-75,,
0,93.2018,-75,,
0,95.1574,-75,,
0,97.113,-75,,
0,99.0686,-75,,
0,101.0242,-75,,
0,102.9798,-75,,
0,14.9778,-76.5,,
0,16.9334,-76.5,,
0,18.889,-76.5,,
0,20.8446,-76.5,,
0,22.8002,-76.5,,
0,24.7558,-76.5,,
0,26.7114,-76.5,,
0,28.667,-76.5,,
0,30.6226,-76.5,,
0,32.5782,-76.5,,
0,34.5338,-76.5,,
0,36.4894,-76.5,,
0,38.445,-76.5,,
0,40.4006,-76.5,,
0,42.3562,-76.5,,
0,44.3118,-76.5,,
0,46.2674,-76.5,,
0,48.223,-76.5,,
0,50.1786,-76.5,,
0,52.1342,-76.5,,
0,54.0898,-76.5,,
0,56.0454,-76.5,,
0,58.001,-76.5,,
0,59.9566,-76.5,,
0,61.9122,-76.5,,
0,63.8678,-76.5,,
0,65.8234,-76.5,,
0,67.779,-76.5,,
0,69.7346,-76.5,,
0,71.6902,-76.5,,
0,73.6458,-76.5,,
0,75.6014,-76.5,,
0,77.557,-76.5,,
0,79.5126,-76.5,,
0,81.4682,-76.5,,
0,83.4238,-76.5,,
0,85.3794,-76.5,,
0,87.335,-76.5,,
0,89.2906,-76.5,,
0,91.2462,-76.5,,
0,93.2018,-76.5,,
0,95.1574,-76.5,,
0,97.113,-76.5,,
0,99.0686,-76.5,,
0,101.0242,-76.5,,
0,102.9798,-76.5,,
0,14.9778,-78,,
0,16.9334,-78,,
0,18.889,-78,,
0,20.8446,-78,,
0,22.8002,-78,,
0,24.7558,-78,,
0,26.7114,-78,,
0,28.667,-78,,
0,30.6226,-78,,
0,32.5782,-78,,
0,34.5338,-78,,
0,36.4894,-78,,
0,38.445,-78,,
0,40.4006,-78,,
0,42.3562,-78,,
0,44.3118,-78,,
0,46.2674,-78,,
0,48.223,-78,,
0,50.1786,-78,,
0,52.1342,-78,,
0,54.0898,-78,,
0,56.0454,-78,,
0,58.001,-78,,
0,59.9566,-78,,
0,61.9122,-78,,
0,63.8678,-78,,
0,65.8234,-78,,
0,67.779,-78,,
0,69.7346,-78,,
0,71.6902,-78,,
0,73.6458,-78,,
0,75.6014,-78,,
0,77.557,-78,,
0,79.5126,-78,,
0,81.4682,-78,,
0,83.4238,-78,,
0,85.3794,-78,,
0,87.335,-78,,
0,89.2906,-78,,
0,91.2462,-78,,
0,93.2018,-78,,
0,95.1574,-78,,
0,97.113,-78,,
0,99.0686,-78,,
0,101.0242,-78,,
0,102.9798,-78,,
0,14.9778,-79.5,,
0,16.9334,-79.5,,
0,18.889,-79.5,,
0,20.8446,-79.5,,
0,22.8002,-79.5,,
0,24.7558,-79.5,,
0,26.7114,-79.5,,
0,28.667,-79.5,,
0,30.6226,-79.5,,
0,32.5782,-79.5,,
0,34.5338,-79.5,,
0,36.4894,-79.5,,
0,38.445,-79.5,,
0,40.4006,-79.5,,
0,42.3562,-79.5,,
0,44.3118,-79.5,,
0,46.2674,-79.5,,
0,48.223,-79.5,,
0,50.1786,-79.5,,
0,52.1342,-79.5,,
0,54.0898,-79.5,,
0,56.0454,-79.5,,
0,58.001,-79.5,,
0,59.9566,-79.5,,
0,61.9122,-79.5,,
0,63.8678,-79.5,,
0,65.8234,-79.5,,
0,67.779,-79.5,,
0,69.7346,-79.5,,
0,71.6902,-79.5,,
0,73.6458,-79.5,,
0,75.6014,-79.5,,
0,77.557,-79.5,,
0,79.5126,-79.5,,
0,81.4682,-79.5,,
0,83.4238,-79.5,,
0,85.3794,-79.5,,
0,87.335,-79.5,,
0,89.2906,-79.5,,
0,91.2462,-79.5,,
0,93.2018,-79.5,,
0,95.1574,-79.5,,
0,97.113,-79.5,,
0,99.0686,-79.5,,
0,101.0242,-79.5,,
0,102.9798,-79.5,,
0,14.9778,-81,,
0,16.9334,-81,,
0,18.889,-81,,
0,20.8446,-81,,
0,22.8002,-81,,
0,24.7558,-81,,
0,26.7114,-81,,
0,28.667,-81,,
0,30.6226,-81,,
0,32.5782,-81,,
0,34.5338,-81,,
0,36.4894,-81,,
0,38.445,-81,,
0,40.4006,-81,,
0,42.3562,-81,,
0,44.3118,-81,,
0,46.2674,-81,,
0,48.223,-81,,
0,50.1786,-81,,
0,52.1342,-81,,
0,54.0898,-81,,
0,56.0454,-81,,
0,58.001,-81,,
0,59.9566,-81,,
0,61.9122,-81,,
0,63.8678,-81,,
0,65.8234,-81,,
0,67.779,-81,,
0,69.7346,-81,,
0,71.6902,-81,,
0,73.6458,-81,,
0,75.6014,-81,,
0,77.557,-81,,
0,79.5126,-81,,
0,81.4682,-81,,
0,83.4238,-81,,
0,85.3794,-81,,
0,87.335,-81,,
0,89.2906,-81,,
0,91.2462,-81,,
0,93.2018,-81,,
0,95.1574,-81,,
0,97.113,-81,,
0,99.0686,-81,,
0,101.0242,-81,,
0,102.9798,-81,,
0,14.9778,-82.5,,
0,16.9334,-82.5,,
0,18.889,-82.5,,
0,20.8446,-82.5,,
0,22.8002,-82.5,,
0,24.7558,-82.5,,
0,26.7114,-82.5,,
0,28.667,-82.5,,
0,30.6226,-82.5,,
0,32.5782,-82.5,,
0,34.5338,-82.5,,
0,36.4894,-82.5,,
0,38.445,-82.5,,
0,40.4006,-82.5,,
0,42.3562,-82.5,,
0,44.3118,-82.5,,
0,46.2674,-82.5,,
0,48.223,-82.5,,
0,50.1786,-82.5,,
0,52.1342,-82.5,,
0,54.0898,-82.5,,
0,56.0454,-82.5,,
0,58.001,-82.5,,
0,59.9566,-82.5,,
0,61.9122,-82.5,,
0,63.8678,-82.5,,
0,65.8234,-82.5,,
0,67.779,-82.5,,
0,69.7346,-82.5,,
0,71.6902,-82.5,,
0,73.6458,-82.5,,
0,75.6014,-82.5,,
0,77.557,-82.5,,
0,79.5126,-82.5,,
0,81.4682,-82.5,,
0,83.4238,-82.5,,
0,85.3794,-82.5,,
0,87.335,-82.5,,
0,89.2906,-82.5,,
0,91.2462,-82.5,,
0,93.2018,-82.5,,
0,95.1574,-82.5,,
0,97.113,-82.5,,
0,99.0686,-82.5,,
0,101.0242,-82.5,,
0,102.9798,-82.5,,
0,14.9778,-84,,
0,16.9334,-84,,
0,18.889,-84,,
0,20.8446,-84,,
0,22.8002,-84,,
0,24.7558,-84,,
0,26.7114,-84,,
0,28.667,-84,,
0,30.6226,-84,,
0,32.5782,-84,,
0,34.5338,-84,,
0,36.4894,-84,,
0,38.445,-84,,
0,40.4006,-84,,
0,42.3562,-84,,
0,44.3118,-84,,
0,46.2674,-84,,
0,48.223,-84,,
0,50.1786,-84,,
0,52.1342,-84,,
0,54.0898,-84,,
0,56.0454,-84,,
0,58.001,-84,,
0,59.9566,-84,,
0,61.9122,-84,,
0,63.8678,-84,,
0,65.8234,-84,,
0,67.779,-84,,
0,69.7346,-84,,
0,71.6902,-84,,
0,73.6458,-84,,
0,75.6014,-84,,
0,77.557,-84,,
0,79.5126,-84,,
0,81.4682,-84,,
0,83.4238,-84,,
0,85.3794,-84,,
0,87.335,-84,,
0,89.2906,-84,,
0,91.2462,-84,,
0,93.2018,-84,,
0,95.1574,-84,,
0,97.113,-84,,
0,99.0686,-84,,
0,101.0242,-84,,
0,102.9798,-84,,
0,14.9778,-85.5,,
0,16.9334,-85.5,,
0,18.889,-85.5,,
0,20.8446,-85.5,,
0,22.8002,-85.5,,
0,24.7558,-85.5,,
0,26.7114,-85.5,,
0,28.667,-85.5,,
0,30.6226,-85.5,,
0,32.5782,-85.5,,
0,34.5338,-85.5,,
0,36.4894,-85.5,,
0,38.445,-85.5,,
0,40.4006,-85.5,,
0,42.3562,-85.5,,
0,44.3118,-85.5,,
0,46.2674,-85.5,,
0,48.223,-85.5,,
0,50.1786,-85.5,,
0,52.1342,-85.5,,
0,54.0898,-85.5,,
0,56.0454,-85.5,,
0,58.001,-85.5,,
0,59.9566,-85.5,,
0,61.9122,-85.5,,
0,63.8678,-85.5,,
0,65.8234,-85.5,,
0,67.779,-85.5,,
0,69.7346,-85.5,,
0,71.6902,-85.5,,
0,73.6458,-85.5,,
0,75.6014,-85.5,,
0,77.557,-85.5,,
0,79.5126,-85.5,,
0,81.4682,-85.5,,
0,83.4238,-85.5,,
0,85.3794,-85.5,,
0,87.335,-85.5,,
0,89.2906,-85.5,,
0,91.2462,-85.5,,
0,93.2018,-85.5,,
0,95.1574,-85.5,,
0,97.113,-85.5,,
0,99.0686,-85.5,,
0,101.0242,-85.5,,
0,102.9798,-85.5,,
0,14.9778,-87,,
0,16.9334,-87,,
0,18.889,-87,,
0,20.8446,-87,,
0,22.8002,-87,,
0,24.7558,-87,,
0,26.7114,-87,,
0,28.667,-87,,
0,30.6226,-87,,
0,32.5782,-87,,
0,34.5338,-87,,
0,36.4894,-87,,
0,38.445,-87,,
0,40.4006,-87,,
0,42.3562,-87,,
0,44.3118,-87,,
0,46.2674,-87,,
0,48.223,-87,,
0,50.1786,-87,,
0,52.1342,-87,,
0,54.0898,-87,,
0,56.0454,-87,,
0,58.001,-87,,
0,59.9566,-87,,
0,61.9122,-87,,
0,63.8678,-87,,
0,65.8234,-87,,
0,67.779,-87,,
0,69.7346,-87,,
0,71.6902,-87,,
0,73.6458,-87,,
0,75.6014,-87,,
0,77.557,-87,,
0,79.5126,-87,,
0,81.4682,-87,,
0,83.4238,-87,,
0,85.3794,-87,,
0,87.335,-87,,
0,89.2906,-87,,
0,91.2462,-87,,
0,93.2018,-87,,
0,95.1574,-87,,
0,97.113,-87,,
0,99.0686,-87,,
0,101.0242,-87,,
0,102.9798,-87,,
0,14.9778,-88.5,,
0,16.9334,-88.5,,
0,18.889,-88.5,,
0,20.8446,-88.5,,
0,22.8002,-88.5,,
0,24.7558,-88.5,,
0,26.7114,-88.5,,
0,28.667,-88.5,,
0,30.6226,-88.5,,
0,32.5782,-88.5,,
0,34.5338,-88.5,,
0,36.4894,-88.5,,
0,38.445,-88.5,,
0,40.4006,-88.5,,
0,42.3562,-88.5,,
0,44.3118,-88.5,,
0,46.2674,-88.5,,
0,48.223,-88.5,,
0,50.1786,-88.5,,
0,52.1342,-88.5,,
0,54.0898,-88.5,,
0,56.0454,-88.5,,
0,58.001,-88.5,,
0,59.9566,-88.5,,
0,61.9122,-88.5,,
0,63.8678,-88.5,,
0,65.8234,-88.5,,
0,67.779,-88.5,,
0,69.7346,-88.5,,
0,71.6902,-88.5,,
0,73.6458,-88.5,,
0,75.6014,-88.5,,
0,77.557,-88.5,,
0,79.5126,-88.5,,
0,81.4682,-88.5,,
0,83.4238,-88.5,,
0,85.3794,-88.5,,
0,87.335,-88.5,,
0,89.2906,-88.5,,
0,91.2462,-88.5,,
0,93.2018,-88.5,,
0,95.1574,-88.5,,
0,97.113,-88.5,,
0,99.0686,-88.5,,
0,101.0242,-88.5,,
0,102.9798,-88.5,,
0,14.9778,-90,,
0,16.9334,-90,,
0,18.889,-90,,
0,20.8446,-90,,
0,22.8002,-90,,
0,24.7558,-90,,
0,26.7114,-90,,
0,28.667,-90,,
0,30.6226,-90,,
0,32.5782,-90,,
0,34.5338,-90,,
0,36.4894,-90,,
0,38.445,-90,,
0,40.4006,-90,,
0,42.3562,-90,,
0,44.3118,-90,,
0,46.2674,-90,,
0,48.223,-90,,
0,50.1786,-90,,
0,52.1342,-90,,
0,54.0898,-90,,
0,56.0454,-90,,
0,58.001,-90,,
0,59.9566,-90,,
0,61.9122,-90,,
0,63.8678,-90,,
0,65.8234,-90,,
0,67.779,-90,,
0,69.7346,-90,,
0,71.6902,-90,,
0,73.6458,-90,,
0,75.6014,-90,,
0,77.557,-90,,
0,79.5126,-90,,
0,81.4682,-90,,
0,83.4238,-90,,
0,85.3794,-90,,
0,87.335,-90,,
0,89.2906,-90,,
0,91.2462,-90,,
0,93.2018,-90,,
0,95.1574,-90,,
0,97.113,-90,,
0,99.0686,-90,,
0,101.0242,-90,,
0,102.9798,-90,,
0,14.9778,-91.5,,
0,16.9334,-91.5,,
0,18.889,-91.5,,
0,20.8446,-91.5,,
0,22.8002,-91.5,,
0,24.7558,-91.5,,
0,26.7114,-91.5,,
0,28.667,-91.5,,
0,30.6226,-91.5,,
0,32.5782,-91.5,,
0,34.5338,-91.5,,
0,36.4894,-91.5,,
0,38.445,-91.5,,
0,40.4006,-91.5,,
0,42.3562,-91.5,,
0,44.3118,-91.5,,
0,46.2674,-91.5,,
0,48.223,-91.5,,
0,50.1786,-91.5,,
0,52.1342,-91.5,,
0,54.0898,-91.5,,
0,56.0454,-91.5,,
0,58.001,-91.5,,
0,59.9566,-91.5,,
0,61.9122,-91.5,,
0,63.8678,-91.5,,
0,65.8234,-91.5,,
0,67.779,-91.5,,
0,69.7346,-91.5,,
0,71.6902,-91.5,,
0,73.6458,-91.5,,
0,75.6014,-91.5,,
0,77.557,-91.5,,
0,79.5126,-91.5,,
0,81.4682,-91.5,,
0,83.4238,-91.5,,
0,85.3794,-91.5,,
0,87.335,-91.5,,
0,89.2906,-91.5,,
0,91.2462,-91.5,,
0,93.2018,-91.5,,
0,95.1574,-91.5,,
0,97.113,-91.5,,
0,99.0686,-91.5,,
0,101.0242,-91.5,,
0,102.9798,-91.5,,
0,14.9778,-93,,
0,16.9334,-93,,
0,18.889,-93,,
0,20.8446,-93,,
0,22.8002,-93,,
0,24.7558,-93,,
0,26.7114,-93,,
0,28.667,-93,,
0,30.6226,-93,,
0,32.5782,-93,,
0,34.5338,-93,,
0,36.4894,-93,,
0,38.445,-93,,
0,40.4006,-93,,
0,42.3562,-93,,
0,44.3118,-93,,
0,46.2674,-93,,
0,48.223,-93,,
0,50.1786,-93,,
0,52.1342,-93,,
0,54.0898,-93,,
0,56.0454,-93,,
0,58.001,-93,,
0,59.9566,-93,,
0,61.9122,-93,,
0,63.8678,-93,,
0,65.8234,-93,,
0,67.779,-93,,
0,69.7346,-93,,
0,71.6902,-93,,
0,73.6458,-93,,
0,75.6014,-93,,
0,77.557,-93,,
0,79.5126,-93,,
0,81.4682,-93,,
0,83.4238,-93,,
0,85.3794,-93,,
0,87.335,-93,,
0,89.2906,-93,,
0,91.2462,-93,,
0,93.2018,-93,,
0,95.1574,-93,,
0,97.113,-93,,
0,99.0686,-93,,
0,101.0242,-93,,
0,102.9798,-93,,
,,,,
Wall C,,,,
X (mm),Y (mm),Z (mm),YY (µ?),ZZ (µ?)
0,105.55,-28,,
0,101.383333,-28,,
0,97.216667,-28,,
0,93.05,-28,,
0,88.883333,-28,,
0,84.716667,-28,,
0,80.55,-28,,
0,76.383333,-28,,
0,72.216667,-28,,
0,68.05,-28,,
0,63.883333,-28,,
0,59.716667,-28,,
0,55.55,-28,,
0,51.383333,-28,,
0,47.216667,-28,,
0,43.05,-28,,
0,38.883333,-28,,
0,34.716667,-28,,
0,30.55,-28,,
0,26.383333,-28,,
0,22.216667,-28,,
0,18.05,-28,,
0,13.883333,-28,,
0,9.716667,-28,,
0,5.55,-28,,
0,63.89,-6,,
0,63.89,-7,,
0,63.89,-8,,
0,63.89,-9,,
0,63.89,-10,,
0,63.89,-11,,
0,63.89,-12,,
0,63.89,-13,,
0,63.89,-14,,
0,63.89,-15,,
0,63.89,-16,,
0,63.89,-17,,
0,63.89,-18,,
0,63.89,-19,,
0,63.89,-20,,
0,63.89,-21,,
0,63.89,-22,,
0,63.89,-23,,
0,63.89,-24,,
0,63.89,-25,,
0,63.89,-26,,
0,63.89,-27,,
0,63.89,-28,,
0,63.89,-29,,
0,63.89,-30,,
0,63.89,-31,,
0,63.89,-32,,
0,63.89,-33,,
0,63.89,-34,,
0,63.89,-35,,
0,63.89,-36,,
0,63.89,-37,,
0,63.89,-38,,
0,63.89,-25,,
0,63.89,-25.2,,
0,63.89,-25.4,,
0,63.89,-25.6,,
0,63.89,-25.8,,
0,63.89,-26,,
0,63.89,-26.2,,
0,63.89,-26.4,,
0,63.89,-26.6,,
0,63.89,-26.8,,
0,63.89,-27,,
0,63.89,-27.2,,
0,63.89,-27.4,,
0,63.89,-27.6,,
0,63.89,-27.8,,
0,63.89,-28,,
0,63.89,-28.2,,
0,63.89,-28.4,,
0,63.89,-28.6,,
0,63.89,-28.8,,
0,63.89,-29,,
0,63.89,-29.2,,
0,63.89,-29.4,,
0,63.89,-29.6,,
0,63.89,-29.8,,
0,63.89,-30,,
0,63.89,-29.9,,
0,63.89,-29.7,,
0,63.89,-29.5,,
0,63.89,-29.3,,
0,63.89,-29.1,,
0,63.89,-28.9,,
0,63.89,-28.7,,
0,63.89,-24.8,,
0,63.89,-24.6,,
0,63.89,-24.4,,
0,63.89,-24.2,,
0,63.89,-24,,
0,63.89,-23.8,,
0,63.89,-23.6,,
0,63.89,-23.4,,
0,63.89,-23.2,,
0,63.89,-23,,
0,63.89,-22.8,,
0,63.89,-22.6,,
0,63.89,-22.4,,
,,,,
Wall D,,,,
X (mm),Y (mm),Z (mm),XX (µ?),ZZ (µ?)
12.2,0,-38,,
26.666667,0,-38,,
41.133333,0,-38,,
55.6,0,-38,,
70.066667,0,-38,,
84.533333,0,-38,,
99,0,-38,,
113.466667,0,-38,,
127.933333,0,-38,,
142.4,0,-38,,
156.866667,0,-38,,
171.333333,0,-38,,
185.8,0,-38,,
200.266667,0,-38,,
214.733333,0,-38,,
229.2,0,-38,,
113.46,0,-35,,
113.46,0,-33,,
113.46,0,-31,,
113.46,0,-29,,
113.46,0,-27,,
113.46,0,-25,,
113.46,0,-23,,
113.46,0,-21,,
113.46,0,-19,,
113.46,0,-17,,
113.46,0,-15,,
113.46,0,-13,,
113.46,0,-11,,
113.46,0,-9,,
113.46,0,-7,,
113.46,0,-5,,
55.5,0,-49,,
53.5,0,-49,,
51.5,0,-49,,
49.5,0,-49,,
47.5,0,-49,,
45.5,0,-49,,
43.5,0,-49,,
41.5,0,-49,,
39.5,0,-49,,
37.5,0,-49,,
35.5,0,-49,,
33.5,0,-49,,
31.5,0,-49,,
27.5,0,-49,,
23.5,0,-49,,
19.5,0,-49,,
15.5,0,-49,,
11.5,0,-49,,
7.5,0,-49,,
3.5,0,-49,,
